{"cameraMode":{"drawMode":0,"name":"Shaded","section":"Shading Mode"},"sceneLighting":true,"audioPlay":false,"sceneViewState":{"m_AlwaysRefresh":false,"showFog":true,"showSkybox":true,"showFlares":true,"showImageEffects":true,"showParticleSystems":true,"showVisualEffectGraphs":true,"m_FxEnabled":true},"in2DMode":false,"pivot":{"x":1.2349035739898682,"y":1.2617207765579224,"z":-0.1127619743347168},"rotation":{"x":0.41529467701911929,"y":-0.021829091012477876,"z":0.009968982078135014,"w":0.9093704223632813},"size":2.4430534839630129,"orthographic":false}